제목,글쓴이,시간
A Scion's Duty,By: Tom Elliot,Length: 16 hrs and 43 mins
Indaria,By: SunriseCV,Length: 13 hrs and 57 mins
Horror Movie,By: Paul Tremblay,Length: 7 hrs and 23 mins
Alpha,By: Aleron Kong,Length: 13 hrs and 26 mins
The Knight,By: Will Wight,Length: 9 hrs and 48 mins
24690,"By: A. A. Dark, Alaska Angelini",Length: 10 hrs and 2 mins
God of War,By: Rina Kent,Length: 15 hrs
Enemy A(n)t the Gates,By: RinoZ,Length: 20 hrs and 49 mins
Trails and Tribulations,By: Susie Chan,Length: 8 hrs and 26 mins
"Moonlight, Marshmallows, & Manslaughter",By: Tonya Kappes,Length: 4 hrs and 56 mins
Mythos University: Book 2,By: Alan Moria,Length: 11 hrs and 33 mins
In the Still of the Night,By: Melinda Mullet,Length: 8 hrs and 10 mins
The Proximity Factor,By: Jennifer Peel,Length: 9 hrs and 1 min
Building Your Money Machine,By: Mel H. Abraham,Length: 6 hrs and 42 mins
Not in Love,By: Ali Hazelwood,Length: 11 hrs and 55 mins
The Witch of Webs,By: pirateaba,Length: 45 hrs and 53 mins
The Hunter's Code,"By: Yuri Vinokuroff, Oleg Sapphire, Alix Merlin Williamson - translator",Length: 10 hrs and 18 mins
Sylver Seeker 4,By: Kennit Kenway,Length: 20 hrs and 50 mins
Ambassador for Mars,By: Glynn Stewart,Length: 10 hrs and 33 mins
Amazon Apocalypse 2,By: Marvin Knight,Length: 25 hrs and 35 mins
A Talent for Murder,By: Peter Swanson,Length: 8 hrs and 24 mins
How Leaders Learn,"By: David Novak, Lari Bishop - contributor",Length: 7 hrs
Trials of Conviction,By: T. A. White,Length: 18 hrs and 5 mins
Redeemed,By: Lauren Asher,Length: 11 hrs and 28 mins
Dangerous Innocence,By: Cora Reilly,Length: 12 hrs and 52 mins
Million Dollar Action,By: Rachel Rodgers,Length: 3 hrs and 17 mins
Mob Sorcery 2,By: K.D. Robertson,Length: 15 hrs and 52 mins
Will Leave the Galaxy for Good,By: Yahtzee Croshaw,Length: 9 hrs and 50 mins
The Adversary,"By: Torsten Weitze, Tim Casey - translator",Length: 22 hrs and 44 mins
Defiance of the Fall 13,"By: TheFirstDefier, JF Brink",Length: 24 hrs and 35 mins
The Woman by the Lake,By: Kristen Ashley,Length: 13 hrs and 1 min
He Who Fights with Monsters 11: A LitRPG Adventure,"By: Shirtaloon, Travis Deverell",Length: 28 hrs and 36 mins
Clete,By: James Lee Burke,Length: 9 hrs and 20 mins
"So I'm a Spider, So What?, Vol. 10","By: Okina Baba, Tsukasa Kiryu, Jenny McKeon McKeon",Length: 7 hrs and 30 mins
Glitter Saints,"By: Robin Brown, Jess Brasher - contributor",Length: 7 hrs and 56 mins
The Friday Afternoon Club,By: Griffin Dunne,Length: 12 hrs and 19 mins
Burned Dreams,By: Neva Altaj,Length: 8 hrs and 13 mins
"Right Thing, Right Now",By: Ryan Holiday,Length: 7 hrs and 59 mins
Burma '44,By: James Holland,Length: 9 hrs and 58 mins
Iron Flame (Part 2 of 2) (Dramatized Adaptation),By: Rebecca Yarros,Length: 11 hrs
The Rom-Commers,By: Katherine Center,Length: 11 hrs and 21 mins
Emperor's End,By: Kyle Kirrin,Length: 16 hrs and 18 mins
Curvy Girl Summer,By: Danielle Allen,Length: 12 hrs and 23 mins
It's Not Like Being Black,By: Voddie T. Baucham Jr.,Length: 5 hrs and 6 mins
The Men of Summer Collection,"By: L. Blakely, Lauren Blakely",Length: 21 hrs and 42 mins
New Day at the Beach House,By: Maggie Miller,Length: 8 hrs
Nothing to Fear,By: Julie McFadden RN,Length: 5 hrs and 16 mins
Gut Health for Women,"By: Christine R. Scott, Ryan T. Scott",Length: 5 hrs and 6 mins
Bonded in Death,By: J. D. Robb,Length: 10 hrs and 30 mins
Throne World,By: B.V. Larson,Length: 12 hrs and 29 mins
Battle for Kragdon-ah,By: Shawn Inmon,Length: 9 hrs and 25 mins
The Cycle of Galand,By: Edward W. Robertson,Length: 26 hrs and 49 mins
The Santa Pageant,By: Lillian Barry,Length: 9 hrs and 40 mins
Margo's Got Money Troubles,By: Rufi Thorpe,Length: 10 hrs and 21 mins
A Cage of Crimson,By: K.F. Breene,Length: 15 hrs and 33 mins
Onyx Storm,By: Rebecca Yarros,Length: 14 hrs and 15 mins
The Legend of Randidly Ghosthound 8,"By: Noret Flood, puddles4263",Length: 29 hrs and 7 mins
Star Wars: Temptation of the Force (The High Republic),By: Tessa Gratton,Length: 17 hrs and 3 mins
Roctogenarians,"By: Mo Rocca, Jonathan Greenberg",Length: 11 hrs and 34 mins
Hazards in the Hidden City,"By: Auburn Tempest, Michael Anderle",Length: 7 hrs and 12 mins
The Kadin,By: Bertrice Small,Length: 21 hrs and 6 mins
Slo-Mo,By: Jerry Boyd,Length: 8 hrs and 27 mins
The Songbird and the Heart of Stone,By: Carissa Broadbent,Length: 15 hrs and 33 mins
Destination You,By: J.J. Arias,Length: 9 hrs and 16 mins
The Heart of Psychos: Part Two,By: Ames Mills,Length: 11 hrs and 1 min
The Boyfriend,By: Freida McFadden,Length: 9 hrs and 13 mins
Finding Radical Wholeness,By: Ken Wilber,Length: 17 hrs and 16 mins
The Next Mrs. Parrish,By: Liv Constantine,Length: 10 hrs and 51 mins
Consent,By: Jill Ciment,Length: 4 hrs
The Concealed,By: SK Horton,Length: 9 hrs and 19 mins
The Last Trial,By: Yuri Ajin,Length: 19 hrs and 48 mins
Beware of Chicken 4: A Xianxia Cultivation Novel,By: Casualfarmer,Length: 30 hrs and 8 mins
Jury,By: Michael Head,Length: 10 hrs and 38 mins
Familiaris (Oprah's Book Club),By: David Wroblewski,Length: 37 hrs and 12 mins
The Midnight Feast,By: Lucy Foley,Length: 10 hrs and 20 mins
Middletide,By: Sarah Crouch,Length: 9 hrs and 36 mins
Love Redeemed,By: Love Belvin,Length: 17 hrs and 17 mins
The Black Bird Oracle,By: Deborah Harkness,Length: 17 hrs
Vision,By: David S. Tatel,Length: 10 hrs and 18 mins
T-Shirt Swim Club,"By: Ian Karmel, Alisa Karmel PsyD",Length: 8 hrs and 44 mins
Void Drifter,"By: Jason Anspach, J.N. Chaney",Length: 14 hrs and 17 mins
Just Add Water,By: Katie Ledecky,Length: 7 hrs and 57 mins
The Mirror,By: Nora Roberts,Length: 14 hrs and 24 mins
"Starry Hollow Witches: A Paranormal Cozy Mystery Box Set, Books 7-9",By: Annabel Chase,Length: 17 hrs and 36 mins
To Die For,By: David Baldacci,Length: 12 hrs
Red Star Falling,"By: Steve Berry, Grant Blackwood - contributor",Length: 13 hrs and 42 mins
Reversing Alzheimer's,By: Heather Sandison,Length: 11 hrs and 4 mins
Forgotten Desires,By: Corinne Michaels,Length: 9 hrs and 8 mins
Source Code,By: Bill Gates,Length: 11 hrs
Passions in Death: An Eve Dallas Novel,By: J. D. Robb,Length: 13 hrs and 54 mins
The Retirement Savings Time Bomb Ticks Louder,By: Ed Slott,Length: 15 hrs and 14 mins
"Internal Family Systems Therapy, Second Edition","By: Richard C. Schwartz, Martha Sweezy",Length: 12 hrs and 41 mins
Heavy Is the Crown,"By: J.N. Chaney, Terry Maggert",Length: 10 hrs and 5 mins
Euro Dreams,By: Kate Stewart,Length: 15 hrs and 54 mins
LastRock,By: Phil Tucker,Length: 26 hrs and 3 mins
Deepest Depths: Volume 3,By: leftright,Length: 19 hrs and 31 mins
Under a Rock,"By: Chris Stein, Debbie Harry",Length: 10 hrs and 18 mins
The Sex Talk You Never Got,"By: Sam Jolman, John Eldredge",Length: 8 hrs and 41 mins
The Ever Queen,By: LJ Andrews,Length: 13 hrs and 9 mins
Lady of the Nightmares,By: Kate King,Length: 13 hrs and 48 mins
